{
  "timestamp": "20250724_115014",
  "features": {
    "total_inflows": 15996269.199999997,
    "total_outflows": 15736721.75,
    "net_cashflow": 259547.4499999974,
    "expected_outflow": 